first,last
John, Doe
Jane, Smith
Michael, Johnson
Emily, Brown
David, Williams
Mary, Jones
William, Davis
Christopher, Anderson
Jessica, Taylor
Matthew, Thomas
Ashley, Harris
Ryan, Martin
Sarah, Thompson
Joshua, Garcia
Nicole, Martinez
Kevin, Robinson
Amanda, Clark
Brian, Rodriguez
Melissa, Lewis
Jennifer, Lee
Jason, Adams
Megan, Turner
Rebecca, Phillips
Richard, Campbell
Laura, Parker
Maria, Edwards
James, Collins
Stephanie, Stewart
Eric, Morris
Elizabeth, Powell
Michelle, Rogers
Patrick, Reed
Rachel, Cook
Kelly, Davis
Paul, Murphy
Jennifer, Smith
Mark, Baker
Lisa, Lee
Christopher, King
Anthony, Wright
Kimberly, Mitchell
Heather, Perez
Julie, Bailey
Brian, Flores
Timothy, Powell
Jessica, Cooper
Robert, Murphy
Karen, Green
Timothy, Davis
Karen, Martin
